-- phpMyAdmin SQL Dump
-- version 5.0.2
-- https://www.phpmyadmin.net/
--
-- Хост: 127.0.0.1
-- Час створення: Трв 23 2020 р., 19:23
-- Версія сервера: 10.4.11-MariaDB
-- Версія PHP: 7.4.5

SET SQL_MODE = "NO_AUTO_VALUE_ON_ZERO";
START TRANSACTION;
SET time_zone = "+00:00";


/*!40101 SET @OLD_CHARACTER_SET_CLIENT=@@CHARACTER_SET_CLIENT */;
/*!40101 SET @OLD_CHARACTER_SET_RESULTS=@@CHARACTER_SET_RESULTS */;
/*!40101 SET @OLD_COLLATION_CONNECTION=@@COLLATION_CONNECTION */;
/*!40101 SET NAMES utf8mb4 */;

--
-- База даних: `ecom_store`
--

-- --------------------------------------------------------

--
-- Структура таблиці `admins`
--

CREATE TABLE `admins` (
  `admin_id` int(10) NOT NULL,
  `admin_name` varchar(255) NOT NULL,
  `admin_email` varchar(255) NOT NULL,
  `admin_pass` varchar(255) NOT NULL,
  `admin_image` text NOT NULL,
  `admin_country` text NOT NULL,
  `admin_about` text NOT NULL,
  `admin_contact` varchar(255) NOT NULL,
  `admin_job` varchar(255) NOT NULL
) ENGINE=InnoDB DEFAULT CHARSET=latin1;

--
-- Дамп даних таблиці `admins`
--

INSERT INTO `admins` (`admin_id`, `admin_name`, `admin_email`, `admin_pass`, `admin_image`, `admin_country`, `admin_about`, `admin_contact`, `admin_job`) VALUES
(2, 'Tatiana Saphira', 'tatiaCute@gmail.id', 'tatiana123', 'tatiana-saphira.jpg', 'Indonesia', 'Change the about description for Tatiana from chelsea Islan', '2222-2222-2222', 'MyMaid'),
(4, 'Nozomi Sasaki', 'papipupepo@gmail.jp', 'nozo123', 'Nozomi_Sasaki-.jpg', 'Japan', 'Lorem ipsum dolor sit amet, consectetur adipisicing elit. Qui illum debitis dolorum ducimus aut maiores veritatis illo doloremque quibusdam placeat quod velit laudantium eligendi sunt et optio, harum in suscipit.', '312-009-323', 'MyWife'),
(5, 'Iko Uwais', 'iko@gmail.id', 'iko123', 'iko.png', 'Indonesia', 'This is for IKO', '081806833157', 'Fighter / Actor');

-- --------------------------------------------------------

--
-- Структура таблиці `boxes_section`
--

CREATE TABLE `boxes_section` (
  `box_id` int(10) NOT NULL,
  `box_title` text NOT NULL,
  `box_desc` text NOT NULL
) ENGINE=InnoDB DEFAULT CHARSET=utf8mb4;

--
-- Дамп даних таблиці `boxes_section`
--

INSERT INTO `boxes_section` (`box_id`, `box_title`, `box_desc`) VALUES
(2, ' New  Title Best Offers ', 'New Lorem ispum Lorem ipsum dolor sit amet, consectetur adipisicing elit. Vel corporis maxime, ipsa modi eaque aliquid sit quaerat odit veritatis, sed autem voluptatum repudiandae commodi distinctio nisi et neque. Quis, nesciunt'),
(3, 'New Title Box 100% Satisfy ', 'Lorem ipsum dolor sit amet, consectetur adipisicing elit. Asperiores quis ratione rerum est magnam deleniti, velit ex eius. Architecto recusandae voluptas consectetur, omnis error distinctio labore blanditiis placeat veritatis harum!  '),
(5, 'New Title Box New Box Title 4 ', 'Lorem ipsum dolor sit amet, consectetur adipisicing elit. Aliquam libero accusamus pariatur! Error ut voluptatibus corrupti aliquid soluta id incidunt eos, facilis neque numquam in ab, quod itaque consectetur. Quis.');

-- --------------------------------------------------------

--
-- Структура таблиці `cart`
--

CREATE TABLE `cart` (
  `p_id` int(10) NOT NULL,
  `ip_add` varchar(255) NOT NULL,
  `qty` int(10) NOT NULL,
  `size` text NOT NULL
) ENGINE=InnoDB DEFAULT CHARSET=latin1;

-- --------------------------------------------------------

--
-- Структура таблиці `categories`
--

CREATE TABLE `categories` (
  `cat_id` int(10) NOT NULL,
  `cat_title` text NOT NULL,
  `cat_top` text NOT NULL,
  `cat_image` text NOT NULL
) ENGINE=InnoDB DEFAULT CHARSET=latin1;

--
-- Дамп даних таблиці `categories`
--

INSERT INTO `categories` (`cat_id`, `cat_title`, `cat_top`, `cat_image`) VALUES
(1, ' Men ', 'yes', 'men.jpg'),
(2, 'Women', 'no', 'women.jpg'),
(3, 'Kids', 'no', 'kids.jpg'),
(4, 'Other', 'yes', 'others.jpg');

-- --------------------------------------------------------

--
-- Структура таблиці `customers`
--

CREATE TABLE `customers` (
  `customer_id` int(10) NOT NULL,
  `customer_name` varchar(255) NOT NULL,
  `customer_email` varchar(255) NOT NULL,
  `customer_pass` varchar(255) NOT NULL,
  `customer_country` text NOT NULL,
  `customer_city` text NOT NULL,
  `customer_contact` varchar(255) NOT NULL,
  `customer_address` text NOT NULL,
  `customer_image` text NOT NULL,
  `customer_ip` varchar(100) NOT NULL
) ENGINE=InnoDB DEFAULT CHARSET=latin1;

--
-- Дамп даних таблиці `customers`
--

INSERT INTO `customers` (`customer_id`, `customer_name`, `customer_email`, `customer_pass`, `customer_country`, `customer_city`, `customer_contact`, `customer_address`, `customer_image`, `customer_ip`) VALUES
(5, 'Rianti', 'Riannti@gmail.com', 'rianti123', 'India', 'Calcuta', '8891822', 'Anywhere you want', 'member1.jpg', '::1'),
(6, 'James Bono', 'jamesbono@gmail.com', 'james1123', 'England', 'London', '555-2255-222', 'Hyde Park', 'member2.jpg', '::1');

-- --------------------------------------------------------

--
-- Структура таблиці `customer_orders`
--

CREATE TABLE `customer_orders` (
  `order_id` int(10) NOT NULL,
  `customer_id` int(10) NOT NULL,
  `due_amount` int(100) NOT NULL,
  `invoice_no` int(100) NOT NULL,
  `qty` int(10) NOT NULL,
  `size` text NOT NULL,
  `order_date` date NOT NULL,
  `order_status` text NOT NULL
) ENGINE=InnoDB DEFAULT CHARSET=latin1;

--
-- Дамп даних таблиці `customer_orders`
--

INSERT INTO `customer_orders` (`order_id`, `customer_id`, `due_amount`, `invoice_no`, `qty`, `size`, `order_date`, `order_status`) VALUES
(11, 6, 300, 206863956, 1, 'Small', '2019-02-06', 'Complete'),
(12, 6, 10, 206863956, 1, 'Small', '2019-02-06', 'Complete');

-- --------------------------------------------------------

--
-- Структура таблиці `manufacturers`
--

CREATE TABLE `manufacturers` (
  `manufacturer_id` int(10) NOT NULL,
  `manufacturer_title` text NOT NULL,
  `manufacturer_top` text NOT NULL,
  `manufacturer_image` text NOT NULL
) ENGINE=InnoDB DEFAULT CHARSET=utf8mb4;

--
-- Дамп даних таблиці `manufacturers`
--

INSERT INTO `manufacturers` (`manufacturer_id`, `manufacturer_title`, `manufacturer_top`, `manufacturer_image`) VALUES
(1, 'Name_1', 'no', 'man_1.jpg'),
(2, 'Name_2', 'yes', 'man_2.jpg'),
(3, 'Name_3', 'yes', 'man_3.jpg'),
(4, 'Name_4', 'no', 'man_4.jpg'),
(5, 'Name_5', 'no', 'man_5.jpg');

-- --------------------------------------------------------

--
-- Структура таблиці `payments`
--

CREATE TABLE `payments` (
  `payment_id` int(10) NOT NULL,
  `invoice_no` int(10) NOT NULL,
  `amount` int(10) NOT NULL,
  `payment_mode` text NOT NULL,
  `ref_no` int(10) NOT NULL,
  `code` int(10) NOT NULL,
  `payment_date` text NOT NULL
) ENGINE=InnoDB DEFAULT CHARSET=latin1;

--
-- Дамп даних таблиці `payments`
--

INSERT INTO `payments` (`payment_id`, `invoice_no`, `amount`, `payment_mode`, `ref_no`, `code`, `payment_date`) VALUES
(6, 206863956, 10, 'Western Union', 123123, 321321, '02-09-2019');

-- --------------------------------------------------------

--
-- Структура таблиці `pending_orders`
--

CREATE TABLE `pending_orders` (
  `order_id` int(10) NOT NULL,
  `customer_id` int(10) NOT NULL,
  `invoice_no` int(10) NOT NULL,
  `product_id` text NOT NULL,
  `qty` int(10) NOT NULL,
  `size` text NOT NULL,
  `order_status` text NOT NULL
) ENGINE=InnoDB DEFAULT CHARSET=latin1;

--
-- Дамп даних таблиці `pending_orders`
--

INSERT INTO `pending_orders` (`order_id`, `customer_id`, `invoice_no`, `product_id`, `qty`, `size`, `order_status`) VALUES
(9, 6, 206863956, '10', 1, 'Small', 'pending'),
(10, 6, 206863956, '15', 1, 'Small', 'pending');

-- --------------------------------------------------------

--
-- Структура таблиці `products`
--

CREATE TABLE `products` (
  `product_id` int(10) NOT NULL,
  `p_cat_id` int(10) NOT NULL,
  `cat_id` int(10) NOT NULL,
  `manufacturer_id` int(10) NOT NULL,
  `date` timestamp NOT NULL DEFAULT current_timestamp() ON UPDATE current_timestamp(),
  `product_title` text NOT NULL,
  `product_img1` text NOT NULL,
  `product_img2` text NOT NULL,
  `product_img3` text NOT NULL,
  `product_price` int(10) NOT NULL,
  `product_keywords` text NOT NULL,
  `product_desc` text NOT NULL
) ENGINE=InnoDB DEFAULT CHARSET=latin1;

--
-- Дамп даних таблиці `products`
--

INSERT INTO `products` (`product_id`, `p_cat_id`, `cat_id`, `manufacturer_id`, `date`, `product_title`, `product_img1`, `product_img2`, `product_img3`, `product_price`, `product_keywords`, `product_desc`) VALUES
(1, 1, 2, 0, '2018-10-15 09:20:12', 'Tokichoi Front Pocket Collared Dress', 'product_front.jpg', 'product-back.jpg', 'product_hang.jpg', 66, 'Dress', '<p>Lorem ipsum dolor sit amet, consectetur adipisicing elit. Sapiente, dolorem tempore deleniti delectus numquam quam magni quidem veniam sequi nostrum sed eaque. Reiciendis quisquam totam nobis corrupti ullam at debitis!</p>'),
(2, 4, 3, 0, '2018-10-18 18:27:12', 'Boys Puffer Coat With Detachable Hood', 'boys-Puffer-Coat-With-Detachable-Hood-1.jpg', 'boys-Puffer-Coat-With-Detachable-Hood-2.jpg', 'boys-Puffer-Coat-With-Detachable-Hood-3.jpg', 121, 'Hood', '<p>Lorem ipsum dolor sit amet, consectetur adipisicing elit. Tenetur cupiditate animi, voluptas neque quasi qui unde fuga porro vero magnam maiores optio amet quos temporibus? Amet saepe fugit nostrum a?</p>'),
(3, 5, 2, 0, '2018-10-18 18:29:33', 'Girl Polos T-Shirt', 'g-polos-tshirt-1.jpg', 'g-polos-tshirt-2.jpg', '', 55, 'Shirt', '<p>Lorem ipsum dolor sit amet, consectetur adipisicing elit. Tenetur cupiditate animi, voluptas neque quasi qui unde fuga porro vero magnam maiores optio amet quos temporibus? Amet saepe fugit nostrum a?</p>'),
(4, 1, 1, 0, '2018-10-18 18:31:29', 'Man Geox Winter Jacket', 'Man-Geox-Winter-jacket-1.jpg', 'Man-Geox-Winter-jacket-2.jpg', 'Man-Geox-Winter-jacket-3.jpg', 100, 'Snake Skin', '<p>Lorem ipsum dolor sit amet, consectetur adipisicing elit. Tenetur cupiditate animi, voluptas neque quasi qui unde fuga porro vero magnam maiores optio amet quos temporibus? Amet saepe fugit nostrum a?</p>'),
(5, 1, 2, 0, '2018-10-18 18:32:37', 'Women Red Winter Jacket', 'Red-Winter-jacket-1.jpg', 'Red-Winter-jacket-2.jpg', 'Red-Winter-jacket-3.jpg', 103, 'Korean Jacket', '<p>Lorem ipsum dolor sit amet, consectetur adipisicing elit. Tenetur cupiditate animi, voluptas neque quasi qui unde fuga porro vero magnam maiores optio amet quos temporibus? Amet saepe fugit nostrum a?</p>'),
(6, 4, 2, 0, '2018-10-18 18:33:44', 'Woman Waxed Cotton Coat', 'waxed-cotton-coat-woman-1.jpg', 'waxed-cotton-coat-woman-2.jpg', 'waxed-cotton-coat-woman-3.jpg', 211, 'Cotton', '<p>Lorem ipsum dolor sit amet, consectetur adipisicing elit. Tenetur cupiditate animi, voluptas neque quasi qui unde fuga porro vero magnam maiores optio amet quos temporibus? Amet saepe fugit nostrum a?</p>'),
(7, 3, 2, 0, '2018-10-18 18:34:52', 'High Heels Pantofel Brukat', 'High Heels Women Pantofel Brukat-1.jpg', 'High Heels Women Pantofel Brukat-2.jpg', 'High Heels Women Pantofel Brukat-3.jpg', 45, 'High Heel', '<p>Lorem ipsum dolor sit amet, consectetur adipisicing elit. Tenetur cupiditate animi, voluptas neque quasi qui unde fuga porro vero magnam maiores optio amet quos temporibus? Amet saepe fugit nostrum a?</p>'),
(8, 3, 1, 0, '2018-10-18 18:35:45', 'Adidas Suarez Slop On', 'Man-Adidas-Suarez-Slop-On-1.jpg', 'Man-Adidas-Suarez-Slop-On-2.jpg', 'Man-Adidas-Suarez-Slop-On-3.jpg', 51, 'Adidas Suarez', '<p>Lorem ipsum dolor sit amet, consectetur adipisicing elit. Tenetur cupiditate animi, voluptas neque quasi qui unde fuga porro vero magnam maiores optio amet quos temporibus? Amet saepe fugit nostrum a?</p>'),
(9, 2, 1, 0, '2018-10-18 18:36:50', 'Mont Blanc Belt Man', 'Mont-Blanc-Belt-man-1.jpg', 'Mont-Blanc-Belt-man-2.jpg', 'Mont-Blanc-Belt-man-3.jpg', 166, 'Belt', '<p>Lorem ipsum dolor sit amet, consectetur adipisicing elit. Tenetur cupiditate animi, voluptas neque quasi qui unde fuga porro vero magnam maiores optio amet quos temporibus? Amet saepe fugit nostrum a?</p>'),
(10, 2, 2, 0, '2018-10-18 18:37:37', 'Diamond Heart Ring', 'women-diamond-heart-ring-1.jpg', 'women-diamond-heart-ring-2.jpg', 'women-diamond-heart-ring-3.jpg', 300, 'Ring', '<p>Lorem ipsum dolor sit amet, consectetur adipisicing elit. Tenetur cupiditate animi, voluptas neque quasi qui unde fuga porro vero magnam maiores optio amet quos temporibus? Amet saepe fugit nostrum a?</p>'),
(11, 5, 1, 0, '2018-10-28 13:01:06', 'Grey Man T-Shirt', 'grey-man-1.jpg', 'grey-man-2.jpg', 'grey-man-3.jpg', 50, 'Casual', '<p>Lorem ipsum dolor sit amet, consectetur adipisicing elit. Quasi rem nemo, autem at ad temporibus, maiores ducimus sed quam enim reprehenderit distinctio similique debitis, quis corrupti est. Sed, rem, voluptatibus!</p>'),
(12, 5, 1, 0, '2018-10-28 13:01:56', 'Man Polo Casual T-Shirt', 'Man-Polo-1.jpg', 'Man-Polo-2.jpg', 'Man-Polo-3.jpg', 45, 'Casual', '<p>Lorem ipsum dolor sit amet, consectetur adipisicing elit. Quasi rem nemo, autem at ad temporibus, maiores ducimus sed quam enim reprehenderit distinctio similique debitis, quis corrupti est. Sed, rem, voluptatibus!</p>'),
(13, 5, 1, 0, '2018-10-28 13:02:40', 'Boy Polos T-Shirt', 'polos-tshirt-1.jpg', 'polos-tshirt-2.jpg', '', 40, 'Casual', '<p>Lorem ipsum dolor sit amet, consectetur adipisicing elit. Quasi rem nemo, autem at ad temporibus, maiores ducimus sed quam enim reprehenderit distinctio similique debitis, quis corrupti est. Sed, rem, voluptatibus!</p>'),
(14, 1, 1, 0, '2018-10-28 13:03:50', 'Levi`s Trucker Jacket', 'levis-Trucker-Jacket.jpg', 'levis-Trucker-Jacket-2.jpg', 'levis-Trucker-Jacket-3.jpg', 98, 'Trucker', '<p>Lorem ipsum dolor sit amet, consectetur adipisicing elit. Quasi rem nemo, autem at ad temporibus, maiores ducimus sed quam enim reprehenderit distinctio similique debitis, quis corrupti est. Sed, rem, voluptatibus!</p>'),
(15, 2, 2, 0, '2019-01-17 07:52:40', 'Hijab Girl New', 'hijab-anak-1.jpg', 'hijab-anak-2.jpg', 'hijab-anak-3.jpg', 10, 'Hijab Kids', '<p>This is just description for sampe product of hijab. And Cha cha cha And Cha cha cha And Cha cha cha And Cha cha cha And Cha cha cha And Cha cha cha And Cha cha cha And Cha cha cha And Cha cha cha And Cha cha cha And Cha cha cha</p>');

-- --------------------------------------------------------

--
-- Структура таблиці `product_categories`
--

CREATE TABLE `product_categories` (
  `p_cat_id` int(10) NOT NULL,
  `p_cat_title` text NOT NULL,
  `p_cat_top` text NOT NULL,
  `p_cat_image` text NOT NULL
) ENGINE=InnoDB DEFAULT CHARSET=latin1;

--
-- Дамп даних таблиці `product_categories`
--

INSERT INTO `product_categories` (`p_cat_id`, `p_cat_title`, `p_cat_top`, `p_cat_image`) VALUES
(1, ' Jackets', 'yes', 'jacket.jpg'),
(2, 'Accessories', 'no', 'acc.jpg'),
(3, 'Shoes', 'no', 'shoes.jpg'),
(4, 'Coats ', 'yes', 'coat.jpg'),
(5, 'T-Shirt', 'no', 'tshirt.jpg');

-- --------------------------------------------------------

--
-- Структура таблиці `slider`
--

CREATE TABLE `slider` (
  `slide_id` int(10) NOT NULL,
  `slide_name` varchar(255) NOT NULL,
  `slide_image` text NOT NULL,
  `slide_url` varchar(255) NOT NULL
) ENGINE=InnoDB DEFAULT CHARSET=latin1;

--
-- Дамп даних таблиці `slider`
--

INSERT INTO `slider` (`slide_id`, `slide_name`, `slide_image`, `slide_url`) VALUES
(8, 'Slide Number 10', 'slider-number-15.jpg', 'http://localhost/m-dev-store/checkout.php'),
(9, 'Slide Number 11', 'slider-number-11.jpg', 'http://localhost/m-dev-store/shop.php'),
(16, 'Slide Number 13', 'slider-number-12.jpg', 'test.com'),
(17, 'Slide Number 14', 'slider-number-14.jpg', 'https://youtube.com/c/mdevmedia');

-- --------------------------------------------------------

--
-- Структура таблиці `terms`
--

CREATE TABLE `terms` (
  `term_id` int(10) NOT NULL,
  `term_title` varchar(100) NOT NULL,
  `term_link` varchar(100) NOT NULL,
  `term_desc` text NOT NULL
) ENGINE=InnoDB DEFAULT CHARSET=utf8mb4;

--
-- Дамп даних таблиці `terms`
--

INSERT INTO `terms` (`term_id`, `term_title`, `term_link`, `term_desc`) VALUES
(7, 'Rules & Regulations', 'link_1', '<p><span style=\"font-size: 14px;\">Lorem ipsum dolor sit amet, consectetur adipisicing elit. Fugiat itaque cum, voluptatum officiis, odit quibusdam saepe, ea quasi natus ut sit! Adipisci expedita fugiat dignissimos accusamus, sunt, unde possimus eligendi.<br />Lorem ipsum dolor sit amet, consectetur adipisicing elit. Fugiat itaque cum, voluptatum officiis, odit quibusdam saepe, ea quasi natus ut sit! Adipisci expedita fugiat dignissimos accusamus, sunt, unde possimus eligendi.</span></p>'),
(8, 'Promo & Regulations', 'link_2', '<p><span style=\"font-size: 14px;\">Lorem ipsum dolor sit amet, consectetur adipisicing elit. Fugiat itaque cum, voluptatum officiis, odit quibusdam saepe, ea quasi natus ut sit! Adipisci expedita fugiat dignissimos accusamus, sunt, unde possimus eligendi.<br /><br />Lorem ipsum dolor sit amet, consectetur adipisicing elit. Fugiat itaque cum, voluptatum officiis, odit quibusdam saepe, ea quasi natus ut sit! Adipisci expedita fugiat dignissimos accusamus, sunt, unde possimus eligendi.</span></p>'),
(9, 'Refund Condition Policy', 'link_3', '<p><span style=\"font-size: 14px;\">Lorem ipsum dolor sit amet, consectetur adipisicing elit. Fugiat itaque cum, voluptatum officiis, odit quibusdam saepe, ea quasi natus ut sit! Adipisci expedita fugiat dignissimos accusamus, sunt, unde possimus eligendi.</span></p>\r\n<p><span style=\"font-size: 14px;\">Lorem ipsum dolor sit amet, consectetur adipisicing elit. Fugiat itaque cum, voluptatum officiis, odit quibusdam saepe, ea quasi natus ut sit! Adipisci expedita fugiat dignissimos accusamus, sunt, unde possimus eligendi.</span></p>');

--
-- Індекси збережених таблиць
--

--
-- Індекси таблиці `admins`
--
ALTER TABLE `admins`
  ADD PRIMARY KEY (`admin_id`);

--
-- Індекси таблиці `boxes_section`
--
ALTER TABLE `boxes_section`
  ADD PRIMARY KEY (`box_id`);

--
-- Індекси таблиці `cart`
--
ALTER TABLE `cart`
  ADD PRIMARY KEY (`p_id`);

--
-- Індекси таблиці `categories`
--
ALTER TABLE `categories`
  ADD PRIMARY KEY (`cat_id`);

--
-- Індекси таблиці `customers`
--
ALTER TABLE `customers`
  ADD PRIMARY KEY (`customer_id`);

--
-- Індекси таблиці `customer_orders`
--
ALTER TABLE `customer_orders`
  ADD PRIMARY KEY (`order_id`);

--
-- Індекси таблиці `manufacturers`
--
ALTER TABLE `manufacturers`
  ADD PRIMARY KEY (`manufacturer_id`);

--
-- Індекси таблиці `payments`
--
ALTER TABLE `payments`
  ADD PRIMARY KEY (`payment_id`);

--
-- Індекси таблиці `pending_orders`
--
ALTER TABLE `pending_orders`
  ADD PRIMARY KEY (`order_id`);

--
-- Індекси таблиці `products`
--
ALTER TABLE `products`
  ADD PRIMARY KEY (`product_id`);

--
-- Індекси таблиці `product_categories`
--
ALTER TABLE `product_categories`
  ADD PRIMARY KEY (`p_cat_id`);

--
-- Індекси таблиці `slider`
--
ALTER TABLE `slider`
  ADD PRIMARY KEY (`slide_id`);

--
-- Індекси таблиці `terms`
--
ALTER TABLE `terms`
  ADD PRIMARY KEY (`term_id`);

--
-- AUTO_INCREMENT для збережених таблиць
--

--
-- AUTO_INCREMENT для таблиці `admins`
--
ALTER TABLE `admins`
  MODIFY `admin_id` int(10) NOT NULL AUTO_INCREMENT, AUTO_INCREMENT=6;

--
-- AUTO_INCREMENT для таблиці `boxes_section`
--
ALTER TABLE `boxes_section`
  MODIFY `box_id` int(10) NOT NULL AUTO_INCREMENT, AUTO_INCREMENT=6;

--
-- AUTO_INCREMENT для таблиці `categories`
--
ALTER TABLE `categories`
  MODIFY `cat_id` int(10) NOT NULL AUTO_INCREMENT, AUTO_INCREMENT=5;

--
-- AUTO_INCREMENT для таблиці `customers`
--
ALTER TABLE `customers`
  MODIFY `customer_id` int(10) NOT NULL AUTO_INCREMENT, AUTO_INCREMENT=7;

--
-- AUTO_INCREMENT для таблиці `customer_orders`
--
ALTER TABLE `customer_orders`
  MODIFY `order_id` int(10) NOT NULL AUTO_INCREMENT, AUTO_INCREMENT=13;

--
-- AUTO_INCREMENT для таблиці `manufacturers`
--
ALTER TABLE `manufacturers`
  MODIFY `manufacturer_id` int(10) NOT NULL AUTO_INCREMENT, AUTO_INCREMENT=6;

--
-- AUTO_INCREMENT для таблиці `payments`
--
ALTER TABLE `payments`
  MODIFY `payment_id` int(10) NOT NULL AUTO_INCREMENT, AUTO_INCREMENT=7;

--
-- AUTO_INCREMENT для таблиці `pending_orders`
--
ALTER TABLE `pending_orders`
  MODIFY `order_id` int(10) NOT NULL AUTO_INCREMENT, AUTO_INCREMENT=11;

--
-- AUTO_INCREMENT для таблиці `products`
--
ALTER TABLE `products`
  MODIFY `product_id` int(10) NOT NULL AUTO_INCREMENT, AUTO_INCREMENT=16;

--
-- AUTO_INCREMENT для таблиці `product_categories`
--
ALTER TABLE `product_categories`
  MODIFY `p_cat_id` int(10) NOT NULL AUTO_INCREMENT, AUTO_INCREMENT=6;

--
-- AUTO_INCREMENT для таблиці `slider`
--
ALTER TABLE `slider`
  MODIFY `slide_id` int(10) NOT NULL AUTO_INCREMENT, AUTO_INCREMENT=18;

--
-- AUTO_INCREMENT для таблиці `terms`
--
ALTER TABLE `terms`
  MODIFY `term_id` int(10) NOT NULL AUTO_INCREMENT, AUTO_INCREMENT=10;
COMMIT;

/*!40101 SET CHARACTER_SET_CLIENT=@OLD_CHARACTER_SET_CLIENT */;
/*!40101 SET CHARACTER_SET_RESULTS=@OLD_CHARACTER_SET_RESULTS */;
/*!40101 SET COLLATION_CONNECTION=@OLD_COLLATION_CONNECTION */;
